article,num_nodes,nodes
Submarine_Mass_Movements_on_Continental.json,72,"principal direction, hs morphology, mtd volume, local fluidization, bs strong amplitude, inducing seismicity, bs ramps, detached mtd, us median slope, modifying basin geomorphology, faulty facies distribution, average thickness, horizontal aspect ratio, frontal compression, lateral erosive walls, lithology in transported mass, lithology distribution in mtd, presence of preserved blocks, near structural elements laterally, source domain in basin, mtd principal direction, seafloor effective friction angle, deformed facies distribution, plunging pool effect, transparent facies distribution, offshore events and waves, triggering cascading mass movements, remobilization, permeability increase, chemical effects, compaction during burial, topography confinement downwards, surface area, bs flat sub-horizontal zone, chaotic facies distribution, vertical distribution of mtds, upward connection to other mtds, grains heterogeneity in flowing mass, runout distance, bs median slope, sedimentation rate and type, pore pressure increase by compression, plunging pool indicator, trigger turbidity current at stop, lithology of underlying material in source zone, preserved blocks size, posterior fluid migrations, basin depocenter position, hs downslope evolution, multiple terracing downslope, thrust fault angle increase to toe, terminal dispersion, ridged facies distribution, plowing effect on underlying material, post deposition of turbidites, sea level evolution, post deposition regional deformation, triggering turbidity current, fluid overpressure on basal surface, thickness variation, pore pressure increase by fluid migration, width variation, local thickening of flowing material, us ramps or ridges, flow velocity and energy, flow direction, triggering turbidity current at stop, fluid overpressure in moving mass, us with turbidites on top, mtd proportion in sedimentary pile, volume of transported material, erosion of underlying material"
Moscardelli_and_Wood_2008.json,70,"principal direction, hs morphology, mtd volume, local fluidization, bs strong amplitude, inducing seismicity, bs ramps, detached mtd, us median slope, modifying basin geomorphology, faulty facies distribution, average thickness, horizontal aspect ratio, frontal compression, lateral erosive walls, lithology in transported mass, lithology distribution in mtd, presence of preserved blocks, near structural elements laterally, source domain in basin, mtd principal direction, seafloor effective friction angle, deformed facies distribution, plunging pool effect, transparent facies distribution, offshore events and waves, triggering cascading mass movements, remobilization, permeability increase, chemical effects, compaction during burial, topography confinement downwards, surface area, bs flat sub-horizontal zone, chaotic facies distribution, vertical distribution of mtds, upward connection to other mtds, grains heterogeneity in flowing mass, runout distance, bs median slope, sedimentation rate and type, pore pressure increase by compression, plunging pool indicator, trigger turbidity current at stop, lithology of underlying material in source zone, preserved blocks size, posterior fluid migrations, basin depocenter position, hs downslope evolution, multiple terracing downslope, thrust fault angle increase to toe, triggering cascading mtds, terminal dispersion, ridged facies distribution, post deposition of turbidites, sea level evolution, post deposition regional deformation, fluid overpressure on basal surface, thickness variation, pore pressure increase by fluid migration, width variation, us ramps or ridges, flow velocity and energy, flow direction, lithology of underlying material downslope, lateral distribution of mtds, us with turbidites on top, mtd proportion in sedimentary pile, erosion of underlying material, initial aspect ratio and top of mass slope angle"
Sedimentology - 2001 - Mulder - The physical character of subaqueous sedimentary density flows and their deposits.json,70,"principal direction, hs morphology, mtd volume, local fluidization, bs strong amplitude, inducing seismicity, bs ramps, detached mtd, modifying basin geomorphology, faulty facies distribution, average thickness, horizontal aspect ratio, frontal compression, lateral erosive walls, lithology in transported mass, lithology distribution in mtd, presence of preserved blocks, near structural elements laterally, source domain in basin, mtd principal direction, seafloor effective friction angle, deformed facies distribution, plunging pool effect, transparent facies distribution, offshore events and waves, triggering cascading mass movements, remobilization, permeability increase, chemical effects, compaction during burial, topography confinement downwards, surface area, bs flat sub-horizontal zone, chaotic facies distribution, vertical distribution of mtds, upward connection to other mtds, grains heterogeneity in flowing mass, runout distance, bs median slope, sedimentation rate and type, pore pressure increase by compression, plunging pool indicator, trigger turbidity current at stop, lithology of underlying material in source zone, preserved blocks size, posterior fluid migrations, hs downslope evolution, multiple terracing downslope, thrust fault angle increase to toe, triggering cascading mtds, terminal dispersion, ridged facies distribution, post deposition of turbidites, sea level evolution, post deposition regional deformation, triggering turbidity current, pore pressure increase by fluid migration, width variation, local thickening of flowing material, us ramps or ridges, flow velocity and energy, flow direction, lithology of underlying material downslope, triggering turbidity current at stop, fluid overpressure in moving mass, us with turbidites on top, mtd proportion in sedimentary pile, volume of transported material, erosion of underlying material, initial aspect ratio and top of mass slope angle"
9781565762879_ch03.json,69,"principal direction, hs morphology, mtd volume, local fluidization, bs strong amplitude, inducing seismicity, bs ramps, detached mtd, us median slope, modifying basin geomorphology, faulty facies distribution, average thickness, frontal compression, lateral erosive walls, lithology in transported mass, lithology distribution in mtd, presence of preserved blocks, near structural elements laterally, source domain in basin, mtd principal direction, seafloor effective friction angle, deformed facies distribution, plunging pool effect, transparent facies distribution, offshore events and waves, remobilization, permeability increase, chemical effects, compaction during burial, topography confinement downwards, surface area, bs flat sub-horizontal zone, chaotic facies distribution, vertical distribution of mtds, upward connection to other mtds, grains heterogeneity in flowing mass, runout distance, bs median slope, sedimentation rate and type, pore pressure increase by compression, plunging pool indicator, trigger turbidity current at stop, lithology of underlying material in source zone, preserved blocks size, posterior fluid migrations, basin depocenter position, multiple terracing downslope, thrust fault angle increase to toe, triggering cascading mtds, terminal dispersion, ridged facies distribution, post deposition of turbidites, sea level evolution, post deposition regional deformation, fluid overpressure on basal surface, thickness variation, pore pressure increase by fluid migration, width variation, local thickening of flowing material, us ramps or ridges, flow velocity and energy, flow direction, lateral connection to other mtds, lithology of underlying material downslope, triggering turbidity current at stop, lateral distribution of mtds, seafloor shapes and dip variations, us with turbidites on top, mtd proportion in sedimentary pile"
Bull & Cartwright (2009).json,68,"principal direction, hs morphology, mtd volume, local fluidization, bs strong amplitude, inducing seismicity, bs ramps, detached mtd, us median slope, modifying basin geomorphology, faulty facies distribution, average thickness, horizontal aspect ratio, frontal compression, lateral erosive walls, lithology in transported mass, lithology distribution in mtd, presence of preserved blocks, near structural elements laterally, source domain in basin, mtd principal direction, seafloor effective friction angle, deformed facies distribution, plunging pool effect, transparent facies distribution, offshore events and waves, triggering cascading mass movements, remobilization, permeability increase, chemical effects, compaction during burial, topography confinement downwards, surface area, bs flat sub-horizontal zone, chaotic facies distribution, vertical distribution of mtds, upward connection to other mtds, grains heterogeneity in flowing mass, runout distance, bs median slope, sedimentation rate and type, plunging pool indicator, trigger turbidity current at stop, lithology of underlying material in source zone, preserved blocks size, posterior fluid migrations, hs downslope evolution, multiple terracing downslope, thrust fault angle increase to toe, triggering cascading mtds, terminal dispersion, ridged facies distribution, plowing effect on underlying material, post deposition of turbidites, sea level evolution, post deposition regional deformation, fluid overpressure on basal surface, thickness variation, width variation, local thickening of flowing material, us ramps or ridges, flow direction, lateral connection to other mtds, lithology of underlying material downslope, lateral distribution of mtds, us with turbidites on top, mtd proportion in sedimentary pile, erosion of underlying material"
9781565762879_ch02.json,68,"principal direction, hs morphology, mtd volume, local fluidization, bs strong amplitude, inducing seismicity, bs ramps, detached mtd, us median slope, modifying basin geomorphology, faulty facies distribution, average thickness, horizontal aspect ratio, frontal compression, lateral erosive walls, lithology in transported mass, lithology distribution in mtd, presence of preserved blocks, near structural elements laterally, source domain in basin, mtd principal direction, seafloor effective friction angle, deformed facies distribution, plunging pool effect, transparent facies distribution, offshore events and waves, triggering cascading mass movements, remobilization, permeability increase, chemical effects, compaction during burial, topography confinement downwards, surface area, bs flat sub-horizontal zone, chaotic facies distribution, vertical distribution of mtds, upward connection to other mtds, grains heterogeneity in flowing mass, runout distance, bs median slope, sedimentation rate and type, pore pressure increase by compression, plunging pool indicator, trigger turbidity current at stop, lithology of underlying material in source zone, preserved blocks size, posterior fluid migrations, basin depocenter position, hs downslope evolution, multiple terracing downslope, thrust fault angle increase to toe, triggering cascading mtds, terminal dispersion, ridged facies distribution, plowing effect on underlying material, post deposition of turbidites, sea level evolution, post deposition regional deformation, triggering turbidity current, fluid overpressure on basal surface, pore pressure increase by fluid migration, width variation, us ramps or ridges, flow direction, lateral connection to other mtds, lithology of underlying material downslope, fluid overpressure in moving mass, us with turbidites on top"
Giacomo Dalla Valle.json,67,"principal direction, hs morphology, mtd volume, local fluidization, bs strong amplitude, inducing seismicity, bs ramps, detached mtd, us median slope, modifying basin geomorphology, faulty facies distribution, average thickness, horizontal aspect ratio, frontal compression, lateral erosive walls, lithology in transported mass, lithology distribution in mtd, presence of preserved blocks, near structural elements laterally, source domain in basin, mtd principal direction, seafloor effective friction angle, deformed facies distribution, plunging pool effect, transparent facies distribution, offshore events and waves, triggering cascading mass movements, remobilization, permeability increase, chemical effects, compaction during burial, topography confinement downwards, surface area, bs flat sub-horizontal zone, chaotic facies distribution, vertical distribution of mtds, upward connection to other mtds, grains heterogeneity in flowing mass, runout distance, bs median slope, sedimentation rate and type, pore pressure increase by compression, plunging pool indicator, trigger turbidity current at stop, lithology of underlying material in source zone, preserved blocks size, posterior fluid migrations, basin depocenter position, hs downslope evolution, multiple terracing downslope, triggering cascading mtds, terminal dispersion, ridged facies distribution, post deposition of turbidites, sea level evolution, post deposition regional deformation, triggering turbidity current, fluid overpressure on basal surface, thickness variation, pore pressure increase by fluid migration, width variation, us ramps or ridges, lithology of underlying material downslope, triggering turbidity current at stop, fluid overpressure in moving mass, us with turbidites on top, mtd proportion in sedimentary pile"
Alves_AAPG_MTDs_14.json,67,"principal direction, hs morphology, mtd volume, local fluidization, bs strong amplitude, inducing seismicity, bs ramps, detached mtd, us median slope, modifying basin geomorphology, faulty facies distribution, average thickness, horizontal aspect ratio, frontal compression, lateral erosive walls, lithology in transported mass, lithology distribution in mtd, presence of preserved blocks, near structural elements laterally, source domain in basin, mtd principal direction, seafloor effective friction angle, deformed facies distribution, plunging pool effect, transparent facies distribution, offshore events and waves, triggering cascading mass movements, remobilization, permeability increase, chemical effects, compaction during burial, topography confinement downwards, surface area, bs flat sub-horizontal zone, chaotic facies distribution, vertical distribution of mtds, upward connection to other mtds, grains heterogeneity in flowing mass, runout distance, bs median slope, sedimentation rate and type, plunging pool indicator, trigger turbidity current at stop, lithology of underlying material in source zone, preserved blocks size, posterior fluid migrations, basin depocenter position, hs downslope evolution, multiple terracing downslope, thrust fault angle increase to toe, triggering cascading mtds, ridged facies distribution, post deposition of turbidites, sea level evolution, post deposition regional deformation, fluid overpressure on basal surface, thickness variation, pore pressure increase by fluid migration, width variation, us ramps or ridges, flow velocity and energy, flow direction, lateral connection to other mtds, fluid overpressure in moving mass, lateral distribution of mtds, us with turbidites on top, mtd proportion in sedimentary pile"
D. Leynaud.json,66,"principal direction, hs morphology, mtd volume, local fluidization, bs strong amplitude, inducing seismicity, bs ramps, detached mtd, us median slope, modifying basin geomorphology, faulty facies distribution, average thickness, horizontal aspect ratio, frontal compression, lateral erosive walls, lithology in transported mass, lithology distribution in mtd, presence of preserved blocks, near structural elements laterally, source domain in basin, mtd principal direction, seafloor effective friction angle, deformed facies distribution, plunging pool effect, transparent facies distribution, offshore events and waves, triggering cascading mass movements, remobilization, permeability increase, chemical effects, compaction during burial, topography confinement downwards, surface area, bs flat sub-horizontal zone, chaotic facies distribution, vertical distribution of mtds, upward connection to other mtds, grains heterogeneity in flowing mass, runout distance, bs median slope, sedimentation rate and type, pore pressure increase by compression, plunging pool indicator, trigger turbidity current at stop, lithology of underlying material in source zone, preserved blocks size, posterior fluid migrations, basin depocenter position, multiple terracing downslope, thrust fault angle increase to toe, triggering cascading mtds, terminal dispersion, ridged facies distribution, post deposition of turbidites, sea level evolution, post deposition regional deformation, thickness variation, pore pressure increase by fluid migration, width variation, local thickening of flowing material, us ramps or ridges, flow direction, triggering turbidity current at stop, fluid overpressure in moving mass, us with turbidites on top, volume of transported material"
RichardsonetalBasinResearch2011-online (1).json,65,"principal direction, hs morphology, mtd volume, local fluidization, bs strong amplitude, inducing seismicity, bs ramps, detached mtd, us median slope, modifying basin geomorphology, faulty facies distribution, average thickness, horizontal aspect ratio, frontal compression, lateral erosive walls, lithology in transported mass, lithology distribution in mtd, presence of preserved blocks, near structural elements laterally, source domain in basin, mtd principal direction, seafloor effective friction angle, deformed facies distribution, plunging pool effect, transparent facies distribution, offshore events and waves, triggering cascading mass movements, remobilization, permeability increase, chemical effects, compaction during burial, topography confinement downwards, surface area, bs flat sub-horizontal zone, chaotic facies distribution, vertical distribution of mtds, upward connection to other mtds, grains heterogeneity in flowing mass, runout distance, bs median slope, pore pressure increase by compression, plunging pool indicator, trigger turbidity current at stop, lithology of underlying material in source zone, preserved blocks size, posterior fluid migrations, basin depocenter position, hs downslope evolution, multiple terracing downslope, thrust fault angle increase to toe, terminal dispersion, ridged facies distribution, post deposition of turbidites, sea level evolution, post deposition regional deformation, fluid overpressure on basal surface, thickness variation, width variation, local thickening of flowing material, us ramps or ridges, flow velocity and energy, flow direction, fluid overpressure in moving mass, mtd proportion in sedimentary pile, initial aspect ratio and top of mass slope angle"
Sedimentology - 2011 - BOURGET - Turbidite system architecture and sedimentary processes along topographically complex.json,65,"principal direction, hs morphology, mtd volume, local fluidization, bs strong amplitude, inducing seismicity, bs ramps, detached mtd, us median slope, modifying basin geomorphology, faulty facies distribution, average thickness, horizontal aspect ratio, frontal compression, lateral erosive walls, lithology in transported mass, lithology distribution in mtd, presence of preserved blocks, near structural elements laterally, source domain in basin, mtd principal direction, seafloor effective friction angle, deformed facies distribution, plunging pool effect, transparent facies distribution, offshore events and waves, remobilization, permeability increase, chemical effects, compaction during burial, topography confinement downwards, surface area, bs flat sub-horizontal zone, chaotic facies distribution, vertical distribution of mtds, upward connection to other mtds, grains heterogeneity in flowing mass, runout distance, bs median slope, sedimentation rate and type, plunging pool indicator, trigger turbidity current at stop, lithology of underlying material in source zone, preserved blocks size, posterior fluid migrations, basin depocenter position, hs downslope evolution, multiple terracing downslope, thrust fault angle increase to toe, terminal dispersion, ridged facies distribution, post deposition of turbidites, sea level evolution, post deposition regional deformation, triggering turbidity current, fluid overpressure on basal surface, width variation, local thickening of flowing material, us ramps or ridges, lithology of underlying material downslope, triggering turbidity current at stop, fluid overpressure in moving mass, us with turbidites on top, mtd proportion in sedimentary pile, erosion of underlying material"
Dos-Reis-et-al-2016-MPG.json,64,"principal direction, hs morphology, mtd volume, local fluidization, bs strong amplitude, inducing seismicity, bs ramps, detached mtd, us median slope, modifying basin geomorphology, faulty facies distribution, average thickness, horizontal aspect ratio, frontal compression, lateral erosive walls, lithology in transported mass, lithology distribution in mtd, presence of preserved blocks, near structural elements laterally, source domain in basin, mtd principal direction, deformed facies distribution, plunging pool effect, transparent facies distribution, offshore events and waves, triggering cascading mass movements, remobilization, permeability increase, chemical effects, compaction during burial, topography confinement downwards, surface area, bs flat sub-horizontal zone, chaotic facies distribution, vertical distribution of mtds, upward connection to other mtds, grains heterogeneity in flowing mass, runout distance, bs median slope, pore pressure increase by compression, plunging pool indicator, trigger turbidity current at stop, lithology of underlying material in source zone, preserved blocks size, posterior fluid migrations, basin depocenter position, hs downslope evolution, multiple terracing downslope, thrust fault angle increase to toe, triggering cascading mtds, terminal dispersion, ridged facies distribution, post deposition of turbidites, sea level evolution, post deposition regional deformation, triggering turbidity current, thickness variation, pore pressure increase by fluid migration, us ramps or ridges, triggering turbidity current at stop, fluid overpressure in moving mass, us with turbidites on top, mtd proportion in sedimentary pile, volume of transported material"
3-s2.0-B9780128130810007047-main.json,64,"principal direction, hs morphology, mtd volume, local fluidization, bs strong amplitude, inducing seismicity, bs ramps, detached mtd, us median slope, modifying basin geomorphology, average thickness, frontal compression, lateral erosive walls, lithology in transported mass, lithology distribution in mtd, presence of preserved blocks, near structural elements laterally, source domain in basin, mtd principal direction, seafloor effective friction angle, deformed facies distribution, plunging pool effect, transparent facies distribution, offshore events and waves, triggering cascading mass movements, permeability increase, chemical effects, compaction during burial, topography confinement downwards, surface area, bs flat sub-horizontal zone, chaotic facies distribution, vertical distribution of mtds, upward connection to other mtds, grains heterogeneity in flowing mass, runout distance, bs median slope, sedimentation rate and type, pore pressure increase by compression, plunging pool indicator, trigger turbidity current at stop, preserved blocks size, posterior fluid migrations, basin depocenter position, hs downslope evolution, multiple terracing downslope, thrust fault angle increase to toe, triggering cascading mtds, terminal dispersion, ridged facies distribution, post deposition of turbidites, sea level evolution, post deposition regional deformation, triggering turbidity current, fluid overpressure on basal surface, thickness variation, pore pressure increase by fluid migration, width variation, us ramps or ridges, flow velocity and energy, flow direction, seafloor shapes and dip variations, us with turbidites on top, mtd proportion in sedimentary pile"
1-s2.0-S0025322713000571-main.json,64,"principal direction, hs morphology, mtd volume, local fluidization, bs strong amplitude, inducing seismicity, bs ramps, detached mtd, us median slope, modifying basin geomorphology, faulty facies distribution, average thickness, horizontal aspect ratio, frontal compression, lateral erosive walls, lithology in transported mass, lithology distribution in mtd, presence of preserved blocks, near structural elements laterally, source domain in basin, mtd principal direction, seafloor effective friction angle, deformed facies distribution, plunging pool effect, transparent facies distribution, offshore events and waves, triggering cascading mass movements, remobilization, permeability increase, chemical effects, compaction during burial, topography confinement downwards, surface area, bs flat sub-horizontal zone, chaotic facies distribution, vertical distribution of mtds, upward connection to other mtds, grains heterogeneity in flowing mass, runout distance, bs median slope, sedimentation rate and type, plunging pool indicator, trigger turbidity current at stop, preserved blocks size, basin depocenter position, hs downslope evolution, multiple terracing downslope, triggering cascading mtds, terminal dispersion, ridged facies distribution, post deposition of turbidites, sea level evolution, post deposition regional deformation, fluid overpressure on basal surface, thickness variation, pore pressure increase by fluid migration, width variation, local thickening of flowing material, us ramps or ridges, flow velocity and energy, flow direction, lateral connection to other mtds, lithology of underlying material downslope, triggering turbidity current at stop"
"Elverhoi, A., Breien.json",63,"principal direction, hs morphology, mtd volume, local fluidization, bs strong amplitude, inducing seismicity, bs ramps, detached mtd, faulty facies distribution, average thickness, horizontal aspect ratio, frontal compression, lateral erosive walls, lithology in transported mass, lithology distribution in mtd, presence of preserved blocks, near structural elements laterally, source domain in basin, mtd principal direction, seafloor effective friction angle, deformed facies distribution, plunging pool effect, transparent facies distribution, offshore events and waves, triggering cascading mass movements, remobilization, permeability increase, chemical effects, compaction during burial, topography confinement downwards, surface area, bs flat sub-horizontal zone, chaotic facies distribution, vertical distribution of mtds, upward connection to other mtds, grains heterogeneity in flowing mass, runout distance, bs median slope, sedimentation rate and type, pore pressure increase by compression, plunging pool indicator, trigger turbidity current at stop, lithology of underlying material in source zone, preserved blocks size, posterior fluid migrations, hs downslope evolution, multiple terracing downslope, terminal dispersion, ridged facies distribution, plowing effect on underlying material, post deposition of turbidites, sea level evolution, post deposition regional deformation, triggering turbidity current, fluid overpressure on basal surface, thickness variation, pore pressure increase by fluid migration, us ramps or ridges, flow velocity and energy, flow direction, fluid overpressure in moving mass, volume of transported material, erosion of underlying material"
JGR Earth Surface - 2013 - Urgeles - Submarine landslides of the Mediterranean Sea  Trigger mechanisms  dynamics  and.json,63,"principal direction, hs morphology, mtd volume, local fluidization, bs strong amplitude, inducing seismicity, bs ramps, detached mtd, us median slope, modifying basin geomorphology, faulty facies distribution, average thickness, horizontal aspect ratio, frontal compression, lateral erosive walls, lithology in transported mass, lithology distribution in mtd, presence of preserved blocks, near structural elements laterally, source domain in basin, mtd principal direction, seafloor effective friction angle, deformed facies distribution, plunging pool effect, transparent facies distribution, offshore events and waves, triggering cascading mass movements, remobilization, permeability increase, chemical effects, compaction during burial, topography confinement downwards, surface area, bs flat sub-horizontal zone, chaotic facies distribution, vertical distribution of mtds, upward connection to other mtds, grains heterogeneity in flowing mass, runout distance, bs median slope, sedimentation rate and type, pore pressure increase by compression, plunging pool indicator, trigger turbidity current at stop, lithology of underlying material in source zone, preserved blocks size, posterior fluid migrations, basin depocenter position, multiple terracing downslope, thrust fault angle increase to toe, triggering cascading mtds, terminal dispersion, ridged facies distribution, post deposition of turbidites, sea level evolution, post deposition regional deformation, thickness variation, width variation, us ramps or ridges, flow velocity and energy, flow direction, mtd proportion in sedimentary pile, volume of transported material"
"Ian R. Clark, Joseph A. Cartwright.json",62,"principal direction, hs morphology, mtd volume, local fluidization, bs strong amplitude, inducing seismicity, bs ramps, detached mtd, us median slope, modifying basin geomorphology, faulty facies distribution, average thickness, horizontal aspect ratio, frontal compression, lateral erosive walls, lithology distribution in mtd, presence of preserved blocks, near structural elements laterally, source domain in basin, mtd principal direction, seafloor effective friction angle, deformed facies distribution, plunging pool effect, transparent facies distribution, offshore events and waves, triggering cascading mass movements, remobilization, permeability increase, chemical effects, compaction during burial, topography confinement downwards, surface area, chaotic facies distribution, vertical distribution of mtds, upward connection to other mtds, grains heterogeneity in flowing mass, runout distance, bs median slope, sedimentation rate and type, plunging pool indicator, trigger turbidity current at stop, lithology of underlying material in source zone, posterior fluid migrations, basin depocenter position, hs downslope evolution, multiple terracing downslope, thrust fault angle increase to toe, terminal dispersion, ridged facies distribution, post deposition of turbidites, sea level evolution, post deposition regional deformation, thickness variation, pore pressure increase by fluid migration, width variation, local thickening of flowing material, us ramps or ridges, flow velocity and energy, flow direction, seafloor shapes and dip variations, us with turbidites on top, erosion of underlying material"
"Wei Li a,⁎, Tiago M. Alves.json",62,"principal direction, hs morphology, mtd volume, local fluidization, bs strong amplitude, inducing seismicity, bs ramps, detached mtd, us median slope, modifying basin geomorphology, faulty facies distribution, average thickness, horizontal aspect ratio, frontal compression, lateral erosive walls, lithology in transported mass, lithology distribution in mtd, presence of preserved blocks, near structural elements laterally, source domain in basin, mtd principal direction, seafloor effective friction angle, deformed facies distribution, plunging pool effect, transparent facies distribution, offshore events and waves, triggering cascading mass movements, remobilization, permeability increase, chemical effects, compaction during burial, topography confinement downwards, surface area, bs flat sub-horizontal zone, chaotic facies distribution, vertical distribution of mtds, upward connection to other mtds, grains heterogeneity in flowing mass, runout distance, bs median slope, sedimentation rate and type, pore pressure increase by compression, plunging pool indicator, trigger turbidity current at stop, lithology of underlying material in source zone, preserved blocks size, posterior fluid migrations, basin depocenter position, hs downslope evolution, multiple terracing downslope, thrust fault angle increase to toe, terminal dispersion, ridged facies distribution, post deposition of turbidites, sea level evolution, post deposition regional deformation, thickness variation, width variation, us ramps or ridges, seafloor shapes and dip variations, mtd proportion in sedimentary pile, volume of transported material"
1-s2.0-S0025322712000412-main.json,62,"principal direction, hs morphology, mtd volume, local fluidization, bs strong amplitude, inducing seismicity, bs ramps, detached mtd, us median slope, modifying basin geomorphology, faulty facies distribution, average thickness, horizontal aspect ratio, frontal compression, lateral erosive walls, lithology in transported mass, lithology distribution in mtd, presence of preserved blocks, near structural elements laterally, source domain in basin, mtd principal direction, seafloor effective friction angle, deformed facies distribution, plunging pool effect, transparent facies distribution, offshore events and waves, triggering cascading mass movements, remobilization, permeability increase, chemical effects, compaction during burial, topography confinement downwards, surface area, bs flat sub-horizontal zone, chaotic facies distribution, vertical distribution of mtds, upward connection to other mtds, grains heterogeneity in flowing mass, runout distance, bs median slope, sedimentation rate and type, pore pressure increase by compression, plunging pool indicator, trigger turbidity current at stop, lithology of underlying material in source zone, preserved blocks size, posterior fluid migrations, basin depocenter position, hs downslope evolution, multiple terracing downslope, thrust fault angle increase to toe, triggering cascading mtds, terminal dispersion, ridged facies distribution, plowing effect on underlying material, post deposition of turbidites, sea level evolution, post deposition regional deformation, triggering turbidity current, fluid overpressure on basal surface, thickness variation, pore pressure increase by fluid migration"
Basin Research - 2016 - Ortiz‐Karpf - Mass‐transport complexes as markers of deep‐water fold‐and‐thrust belt evolution .json,62,"principal direction, hs morphology, mtd volume, local fluidization, bs strong amplitude, inducing seismicity, bs ramps, detached mtd, us median slope, modifying basin geomorphology, faulty facies distribution, average thickness, horizontal aspect ratio, frontal compression, lateral erosive walls, lithology in transported mass, lithology distribution in mtd, presence of preserved blocks, near structural elements laterally, source domain in basin, mtd principal direction, seafloor effective friction angle, deformed facies distribution, plunging pool effect, transparent facies distribution, triggering cascading mass movements, remobilization, permeability increase, chemical effects, compaction during burial, topography confinement downwards, surface area, bs flat sub-horizontal zone, chaotic facies distribution, vertical distribution of mtds, upward connection to other mtds, grains heterogeneity in flowing mass, runout distance, bs median slope, sedimentation rate and type, plunging pool indicator, trigger turbidity current at stop, lithology of underlying material in source zone, preserved blocks size, posterior fluid migrations, basin depocenter position, multiple terracing downslope, thrust fault angle increase to toe, triggering cascading mtds, terminal dispersion, ridged facies distribution, post deposition of turbidites, sea level evolution, post deposition regional deformation, triggering turbidity current, fluid overpressure on basal surface, pore pressure increase by fluid migration, width variation, local thickening of flowing material, us ramps or ridges, flow direction, lateral connection to other mtds"
Two-scale_gravitational_collapse_in_the_Amazon_Fan.json,61,"principal direction, hs morphology, mtd volume, local fluidization, bs strong amplitude, inducing seismicity, bs ramps, detached mtd, us median slope, modifying basin geomorphology, faulty facies distribution, average thickness, frontal compression, lateral erosive walls, lithology in transported mass, lithology distribution in mtd, presence of preserved blocks, near structural elements laterally, source domain in basin, mtd principal direction, deformed facies distribution, plunging pool effect, transparent facies distribution, offshore events and waves, triggering cascading mass movements, remobilization, permeability increase, chemical effects, compaction during burial, topography confinement downwards, surface area, bs flat sub-horizontal zone, chaotic facies distribution, vertical distribution of mtds, upward connection to other mtds, grains heterogeneity in flowing mass, runout distance, bs median slope, sedimentation rate and type, pore pressure increase by compression, plunging pool indicator, trigger turbidity current at stop, lithology of underlying material in source zone, posterior fluid migrations, basin depocenter position, hs downslope evolution, multiple terracing downslope, thrust fault angle increase to toe, terminal dispersion, ridged facies distribution, post deposition of turbidites, sea level evolution, post deposition regional deformation, pore pressure increase by fluid migration, local thickening of flowing material, us ramps or ridges, lithology of underlying material downslope, lateral distribution of mtds, seafloor shapes and dip variations, us with turbidites on top, mtd proportion in sedimentary pile"
Simon E. Lee.json,60,"principal direction, hs morphology, local fluidization, bs strong amplitude, inducing seismicity, bs ramps, detached mtd, us median slope, modifying basin geomorphology, faulty facies distribution, average thickness, horizontal aspect ratio, frontal compression, lateral erosive walls, lithology in transported mass, lithology distribution in mtd, presence of preserved blocks, near structural elements laterally, source domain in basin, mtd principal direction, seafloor effective friction angle, deformed facies distribution, plunging pool effect, transparent facies distribution, offshore events and waves, triggering cascading mass movements, remobilization, permeability increase, chemical effects, compaction during burial, topography confinement downwards, surface area, bs flat sub-horizontal zone, chaotic facies distribution, vertical distribution of mtds, upward connection to other mtds, grains heterogeneity in flowing mass, runout distance, bs median slope, sedimentation rate and type, pore pressure increase by compression, plunging pool indicator, trigger turbidity current at stop, lithology of underlying material in source zone, posterior fluid migrations, basin depocenter position, hs downslope evolution, multiple terracing downslope, thrust fault angle increase to toe, terminal dispersion, ridged facies distribution, post deposition of turbidites, sea level evolution, post deposition regional deformation, triggering turbidity current, us ramps or ridges, flow velocity and energy, lithology of underlying material downslope, triggering turbidity current at stop, mtd proportion in sedimentary pile"
"S. Lafuerza, N. Sultan.json",60,"principal direction, hs morphology, mtd volume, local fluidization, bs strong amplitude, inducing seismicity, bs ramps, detached mtd, us median slope, modifying basin geomorphology, faulty facies distribution, average thickness, horizontal aspect ratio, frontal compression, lateral erosive walls, lithology in transported mass, lithology distribution in mtd, presence of preserved blocks, near structural elements laterally, source domain in basin, mtd principal direction, seafloor effective friction angle, deformed facies distribution, plunging pool effect, transparent facies distribution, offshore events and waves, remobilization, permeability increase, chemical effects, compaction during burial, topography confinement downwards, surface area, chaotic facies distribution, vertical distribution of mtds, upward connection to other mtds, grains heterogeneity in flowing mass, runout distance, bs median slope, sedimentation rate and type, pore pressure increase by compression, plunging pool indicator, trigger turbidity current at stop, preserved blocks size, posterior fluid migrations, multiple terracing downslope, thrust fault angle increase to toe, terminal dispersion, ridged facies distribution, post deposition of turbidites, sea level evolution, post deposition regional deformation, fluid overpressure on basal surface, thickness variation, pore pressure increase by fluid migration, us ramps or ridges, flow velocity and energy, fluid overpressure in moving mass, seafloor shapes and dip variations, mtd proportion in sedimentary pile, volume of transported material"
J. S. Laberg.json,60,"principal direction, hs morphology, mtd volume, local fluidization, bs strong amplitude, inducing seismicity, bs ramps, detached mtd, us median slope, modifying basin geomorphology, faulty facies distribution, average thickness, horizontal aspect ratio, frontal compression, lateral erosive walls, lithology in transported mass, lithology distribution in mtd, presence of preserved blocks, near structural elements laterally, source domain in basin, mtd principal direction, seafloor effective friction angle, deformed facies distribution, plunging pool effect, transparent facies distribution, offshore events and waves, triggering cascading mass movements, remobilization, permeability increase, chemical effects, compaction during burial, topography confinement downwards, surface area, chaotic facies distribution, vertical distribution of mtds, upward connection to other mtds, grains heterogeneity in flowing mass, runout distance, sedimentation rate and type, pore pressure increase by compression, plunging pool indicator, trigger turbidity current at stop, lithology of underlying material in source zone, preserved blocks size, posterior fluid migrations, hs downslope evolution, multiple terracing downslope, thrust fault angle increase to toe, ridged facies distribution, post deposition of turbidites, sea level evolution, post deposition regional deformation, width variation, us ramps or ridges, flow velocity and energy, flow direction, lithology of underlying material downslope, us with turbidites on top, mtd proportion in sedimentary pile, erosion of underlying material"
JFM_709_2012.json,57,"principal direction, hs morphology, mtd volume, local fluidization, bs strong amplitude, inducing seismicity, bs ramps, detached mtd, modifying basin geomorphology, faulty facies distribution, average thickness, horizontal aspect ratio, frontal compression, lithology distribution in mtd, presence of preserved blocks, near structural elements laterally, source domain in basin, mtd principal direction, seafloor effective friction angle, deformed facies distribution, plunging pool effect, transparent facies distribution, offshore events and waves, triggering cascading mass movements, remobilization, permeability increase, chemical effects, compaction during burial, topography confinement downwards, surface area, bs flat sub-horizontal zone, chaotic facies distribution, vertical distribution of mtds, upward connection to other mtds, grains heterogeneity in flowing mass, runout distance, bs median slope, pore pressure increase by compression, plunging pool indicator, trigger turbidity current at stop, preserved blocks size, posterior fluid migrations, hs downslope evolution, multiple terracing downslope, thrust fault angle increase to toe, terminal dispersion, plowing effect on underlying material, post deposition of turbidites, post deposition regional deformation, thickness variation, pore pressure increase by fluid migration, width variation, local thickening of flowing material, flow velocity and energy, triggering turbidity current at stop, fluid overpressure in moving mass, mtd proportion in sedimentary pile"
lacoste-et-al.json,57,"principal direction, hs morphology, mtd volume, local fluidization, bs strong amplitude, inducing seismicity, bs ramps, detached mtd, modifying basin geomorphology, faulty facies distribution, average thickness, horizontal aspect ratio, frontal compression, lateral erosive walls, lithology distribution in mtd, presence of preserved blocks, near structural elements laterally, source domain in basin, mtd principal direction, seafloor effective friction angle, deformed facies distribution, plunging pool effect, transparent facies distribution, offshore events and waves, triggering cascading mass movements, permeability increase, chemical effects, compaction during burial, topography confinement downwards, surface area, chaotic facies distribution, vertical distribution of mtds, upward connection to other mtds, grains heterogeneity in flowing mass, runout distance, bs median slope, pore pressure increase by compression, plunging pool indicator, trigger turbidity current at stop, preserved blocks size, posterior fluid migrations, hs downslope evolution, multiple terracing downslope, terminal dispersion, ridged facies distribution, plowing effect on underlying material, post deposition of turbidites, sea level evolution, post deposition regional deformation, fluid overpressure on basal surface, thickness variation, pore pressure increase by fluid migration, width variation, local thickening of flowing material, us ramps or ridges, flow velocity and energy, fluid overpressure in moving mass"
Journal of Geophysical Research  Solid Earth - 2005 - Mangeney‐Castelnau - On the use of Saint Venant equations to simulate.json,57,"principal direction, hs morphology, mtd volume, local fluidization, bs strong amplitude, inducing seismicity, bs ramps, detached mtd, us median slope, modifying basin geomorphology, faulty facies distribution, average thickness, horizontal aspect ratio, frontal compression, lateral erosive walls, lithology distribution in mtd, presence of preserved blocks, near structural elements laterally, source domain in basin, mtd principal direction, seafloor effective friction angle, deformed facies distribution, plunging pool effect, transparent facies distribution, offshore events and waves, triggering cascading mass movements, remobilization, permeability increase, chemical effects, compaction during burial, topography confinement downwards, surface area, bs flat sub-horizontal zone, chaotic facies distribution, vertical distribution of mtds, upward connection to other mtds, grains heterogeneity in flowing mass, runout distance, bs median slope, sedimentation rate and type, plunging pool indicator, trigger turbidity current at stop, preserved blocks size, posterior fluid migrations, multiple terracing downslope, terminal dispersion, ridged facies distribution, post deposition of turbidites, fluid overpressure on basal surface, thickness variation, width variation, us ramps or ridges, flow velocity and energy, flow direction, fluid overpressure in moving mass, volume of transported material, initial potential energy of mass"
1-s2.0-S0264817216304585-main.json,56,"principal direction, hs morphology, mtd volume, local fluidization, bs strong amplitude, inducing seismicity, bs ramps, detached mtd, us median slope, modifying basin geomorphology, faulty facies distribution, average thickness, frontal compression, lateral erosive walls, lithology in transported mass, lithology distribution in mtd, presence of preserved blocks, near structural elements laterally, source domain in basin, mtd principal direction, deformed facies distribution, plunging pool effect, transparent facies distribution, offshore events and waves, triggering cascading mass movements, permeability increase, chemical effects, compaction during burial, topography confinement downwards, surface area, bs flat sub-horizontal zone, chaotic facies distribution, vertical distribution of mtds, upward connection to other mtds, grains heterogeneity in flowing mass, runout distance, bs median slope, sedimentation rate and type, plunging pool indicator, trigger turbidity current at stop, lithology of underlying material in source zone, posterior fluid migrations, multiple terracing downslope, terminal dispersion, ridged facies distribution, post deposition of turbidites, sea level evolution, post deposition regional deformation, thickness variation, pore pressure increase by fluid migration, width variation, local thickening of flowing material, us ramps or ridges, flow velocity and energy, triggering turbidity current at stop, lateral distribution of mtds"
1-s2.0-S0040195109002819-main.json,55,"principal direction, hs morphology, mtd volume, local fluidization, bs strong amplitude, inducing seismicity, bs ramps, detached mtd, us median slope, modifying basin geomorphology, faulty facies distribution, average thickness, horizontal aspect ratio, frontal compression, lateral erosive walls, lithology distribution in mtd, presence of preserved blocks, near structural elements laterally, source domain in basin, mtd principal direction, deformed facies distribution, transparent facies distribution, offshore events and waves, remobilization, permeability increase, chemical effects, compaction during burial, topography confinement downwards, surface area, bs flat sub-horizontal zone, vertical distribution of mtds, upward connection to other mtds, grains heterogeneity in flowing mass, runout distance, bs median slope, sedimentation rate and type, pore pressure increase by compression, plunging pool indicator, trigger turbidity current at stop, lithology of underlying material in source zone, preserved blocks size, posterior fluid migrations, basin depocenter position, multiple terracing downslope, thrust fault angle increase to toe, terminal dispersion, ridged facies distribution, post deposition of turbidites, post deposition regional deformation, fluid overpressure on basal surface, thickness variation, width variation, us ramps or ridges, flow direction, fluid overpressure in moving mass"
845.json,54,"principal direction, hs morphology, mtd volume, local fluidization, bs strong amplitude, inducing seismicity, bs ramps, detached mtd, us median slope, modifying basin geomorphology, faulty facies distribution, average thickness, horizontal aspect ratio, frontal compression, lateral erosive walls, lithology in transported mass, lithology distribution in mtd, presence of preserved blocks, near structural elements laterally, source domain in basin, mtd principal direction, seafloor effective friction angle, deformed facies distribution, plunging pool effect, transparent facies distribution, remobilization, permeability increase, chemical effects, topography confinement downwards, surface area, bs flat sub-horizontal zone, chaotic facies distribution, vertical distribution of mtds, upward connection to other mtds, grains heterogeneity in flowing mass, runout distance, bs median slope, sedimentation rate and type, plunging pool indicator, trigger turbidity current at stop, lithology of underlying material in source zone, basin depocenter position, multiple terracing downslope, thrust fault angle increase to toe, terminal dispersion, ridged facies distribution, post deposition of turbidites, sea level evolution, post deposition regional deformation, thickness variation, us ramps or ridges, lithology of underlying material downslope, lateral distribution of mtds, mtd proportion in sedimentary pile"
Chinese J of Geophysics - 2013 - WU - Analysis on Seismic Characteristics and Triggering Mechanisms of Mass Transport.json,53,"principal direction, hs morphology, mtd volume, local fluidization, bs strong amplitude, inducing seismicity, bs ramps, detached mtd, us median slope, modifying basin geomorphology, faulty facies distribution, average thickness, horizontal aspect ratio, frontal compression, lateral erosive walls, lithology in transported mass, lithology distribution in mtd, presence of preserved blocks, near structural elements laterally, source domain in basin, mtd principal direction, seafloor effective friction angle, deformed facies distribution, transparent facies distribution, offshore events and waves, permeability increase, chemical effects, compaction during burial, topography confinement downwards, surface area, bs flat sub-horizontal zone, chaotic facies distribution, vertical distribution of mtds, upward connection to other mtds, runout distance, bs median slope, sedimentation rate and type, pore pressure increase by compression, trigger turbidity current at stop, preserved blocks size, hs downslope evolution, multiple terracing downslope, thrust fault angle increase to toe, triggering cascading mtds, terminal dispersion, ridged facies distribution, post deposition of turbidites, sea level evolution, post deposition regional deformation, fluid overpressure on basal surface, thickness variation, pore pressure increase by fluid migration, us ramps or ridges"
Megaslides_in_the_Foz_do_Amazonas_Basin_Brazilian_.json,52,"principal direction, hs morphology, local fluidization, bs strong amplitude, inducing seismicity, bs ramps, detached mtd, us median slope, modifying basin geomorphology, average thickness, frontal compression, lateral erosive walls, lithology in transported mass, lithology distribution in mtd, near structural elements laterally, source domain in basin, mtd principal direction, seafloor effective friction angle, deformed facies distribution, transparent facies distribution, offshore events and waves, triggering cascading mass movements, remobilization, permeability increase, chemical effects, compaction during burial, topography confinement downwards, surface area, bs flat sub-horizontal zone, vertical distribution of mtds, upward connection to other mtds, grains heterogeneity in flowing mass, runout distance, bs median slope, sedimentation rate and type, pore pressure increase by compression, plunging pool indicator, trigger turbidity current at stop, posterior fluid migrations, basin depocenter position, hs downslope evolution, multiple terracing downslope, ridged facies distribution, post deposition of turbidites, sea level evolution, post deposition regional deformation, triggering turbidity current, thickness variation, us ramps or ridges, fluid overpressure in moving mass, mtd proportion in sedimentary pile, volume of transported material"
1-s2.0-S0191814106000101-main.json,51,"principal direction, hs morphology, mtd volume, local fluidization, bs strong amplitude, inducing seismicity, bs ramps, detached mtd, modifying basin geomorphology, faulty facies distribution, average thickness, horizontal aspect ratio, frontal compression, lateral erosive walls, lithology distribution in mtd, presence of preserved blocks, near structural elements laterally, source domain in basin, mtd principal direction, seafloor effective friction angle, deformed facies distribution, plunging pool effect, transparent facies distribution, remobilization, permeability increase, chemical effects, compaction during burial, topography confinement downwards, surface area, bs flat sub-horizontal zone, vertical distribution of mtds, upward connection to other mtds, grains heterogeneity in flowing mass, runout distance, bs median slope, sedimentation rate and type, pore pressure increase by compression, plunging pool indicator, trigger turbidity current at stop, preserved blocks size, posterior fluid migrations, multiple terracing downslope, thrust fault angle increase to toe, ridged facies distribution, post deposition of turbidites, sea level evolution, post deposition regional deformation, thickness variation, width variation, us ramps or ridges, flow velocity and energy"
JGR Solid Earth - 2013 - Mourgues - The Coulomb critical taper theory applied to gravitational instabilities.json,51,"principal direction, hs morphology, local fluidization, bs strong amplitude, inducing seismicity, bs ramps, detached mtd, us median slope, modifying basin geomorphology, faulty facies distribution, average thickness, horizontal aspect ratio, frontal compression, presence of preserved blocks, near structural elements laterally, source domain in basin, mtd principal direction, seafloor effective friction angle, deformed facies distribution, plunging pool effect, transparent facies distribution, offshore events and waves, triggering cascading mass movements, remobilization, permeability increase, chemical effects, compaction during burial, topography confinement downwards, surface area, chaotic facies distribution, vertical distribution of mtds, upward connection to other mtds, grains heterogeneity in flowing mass, runout distance, bs median slope, pore pressure increase by compression, plunging pool indicator, trigger turbidity current at stop, preserved blocks size, posterior fluid migrations, hs downslope evolution, multiple terracing downslope, terminal dispersion, ridged facies distribution, post deposition of turbidites, sea level evolution, post deposition regional deformation, flow direction, triggering turbidity current at stop, fluid overpressure in moving mass, us with turbidites on top"
epjbidisperse2007.json,49,"principal direction, hs morphology, mtd volume, local fluidization, bs strong amplitude, inducing seismicity, bs ramps, detached mtd, us median slope, modifying basin geomorphology, faulty facies distribution, average thickness, horizontal aspect ratio, frontal compression, lithology distribution in mtd, presence of preserved blocks, near structural elements laterally, source domain in basin, mtd principal direction, deformed facies distribution, plunging pool effect, transparent facies distribution, triggering cascading mass movements, remobilization, permeability increase, chemical effects, compaction during burial, topography confinement downwards, surface area, chaotic facies distribution, vertical distribution of mtds, upward connection to other mtds, grains heterogeneity in flowing mass, runout distance, bs median slope, sedimentation rate and type, plunging pool indicator, trigger turbidity current at stop, preserved blocks size, terminal dispersion, post deposition of turbidites, post deposition regional deformation, thickness variation, width variation, flow velocity and energy, flow direction, triggering turbidity current at stop, fluid overpressure in moving mass, us with turbidites on top"
"A.I. Chemenda, T. Bois ⁎, S. Bouissou, E. Tric.json",49,"principal direction, hs morphology, local fluidization, bs strong amplitude, inducing seismicity, bs ramps, detached mtd, modifying basin geomorphology, faulty facies distribution, average thickness, horizontal aspect ratio, frontal compression, lateral erosive walls, lithology distribution in mtd, presence of preserved blocks, near structural elements laterally, source domain in basin, mtd principal direction, seafloor effective friction angle, deformed facies distribution, transparent facies distribution, offshore events and waves, permeability increase, chemical effects, compaction during burial, topography confinement downwards, surface area, chaotic facies distribution, vertical distribution of mtds, upward connection to other mtds, bs median slope, pore pressure increase by compression, plunging pool indicator, preserved blocks size, basin depocenter position, hs downslope evolution, multiple terracing downslope, thrust fault angle increase to toe, ridged facies distribution, plowing effect on underlying material, post deposition of turbidites, sea level evolution, post deposition regional deformation, thickness variation, width variation, local thickening of flowing material, us ramps or ridges, us with turbidites on top, volume of transported material"
386816a0.json,30,"principal direction, hs morphology, local fluidization, bs strong amplitude, bs ramps, detached mtd, average thickness, frontal compression, lithology distribution in mtd, presence of preserved blocks, near structural elements laterally, source domain in basin, mtd principal direction, remobilization, permeability increase, chemical effects, compaction during burial, surface area, chaotic facies distribution, grains heterogeneity in flowing mass, bs median slope, sedimentation rate and type, pore pressure increase by compression, plunging pool indicator, trigger turbidity current at stop, preserved blocks size, plowing effect on underlying material, pore pressure increase by fluid migration, flow direction, fluid overpressure in moving mass"
